model,accuracy,precision,recall,f1,cv_f1_mean,cv_f1_std
Model_A_numeric_only,0.895,0.8181818181818182,0.32142857142857145,0.46153846153846156,0.40397611748124945,0.05687658331478263
Model_B_numeric_plus_text,0.93,0.85,0.6071428571428571,0.7083333333333334,0.6797496077316032,0.0159303621310905
